,main,0,1,2,3,4,5,6,7,8,9,10,11,12,13,14,15,16,17,18,19,20,21,22,23,24,25,26,27,28,29,30,31,32,33,34,35,36,37,38,39,40,41,42,43,44,45,46,47,48,49,50,51,52,53,54,55,56,57,58,59,60,61,62,63,64,65,66,67,68,69,70,71,72,73,74,75,76,77,78,79,80,81,82,83,84,85,86,87,88,89,90,91,92,93,94,95,96,97,98,99,100,101,102,103,104,105,106,107,108,109,110,111,112,113,114,115,116,117,118,119,120,121,122,123,124,125,126,127,128,129,130,131,132,133,134,135,136,137,138,139,140,141,142,143,144,145,146,147,148,149,150,151,152,153,154,155,156,157,158,159,160,161,162
2020,0,1.50E-05,1.50E-05,1.50E-05,1.50E-05,1.50E-05,1.50E-05,1.50E-05,1.50E-05,1.50E-05,1.50E-05,1.50E-05,1.50E-05,1.50E-05,1.50E-05,1.50E-05,1.50E-05,1.50E-05,1.50E-05,1.50E-05,1.50E-05,1.50E-05,1.50E-05,1.50E-05,1.50E-05,1.50E-05,1.50E-05,1.50E-05,1.50E-05,1.50E-05,1.50E-05,1.50E-05,1.50E-05,1.50E-05,1.50E-05,1.50E-05,1.50E-05,1.50E-05,1.50E-05,1.50E-05,1.50E-05,1.50E-05,1.50E-05,1.50E-05,1.50E-05,1.50E-05,1.50E-05,1.50E-05,1.50E-05,1.50E-05,1.50E-05,1.50E-05,1.50E-05,1.50E-05,1.50E-05,1.50E-05,1.50E-05,1.50E-05,1.50E-05,1.50E-05,1.50E-05,1.50E-05,1.50E-05,1.50E-05,1.50E-05,1.50E-05,1.50E-05,1.50E-05,1.50E-05,1.50E-05,1.50E-05,1.50E-05,1.50E-05,1.50E-05,1.50E-05,1.50E-05,1.50E-05,1.50E-05,1.50E-05,1.50E-05,1.50E-05,1.50E-05,1.50E-05,1.50E-05,1.50E-05,1.50E-05,1.50E-05,1.50E-05,1.50E-05,1.50E-05,1.50E-05,1.50E-05,1.50E-05,1.50E-05,1.50E-05,1.50E-05,1.50E-05,1.50E-05,1.50E-05,1.50E-05,1.50E-05,1.50E-05,1.50E-05,1.50E-05,1.50E-05,1.50E-05,1.50E-05,1.50E-05,1.50E-05,1.50E-05,1.50E-05,1.50E-05,1.50E-05,1.50E-05,1.50E-05,1.50E-05,1.50E-05,1.50E-05,1.50E-05,1.50E-05,1.50E-05,1.50E-05,1.50E-05,1.50E-05,1.50E-05,1.50E-05,1.50E-05,1.50E-05,1.50E-05,1.50E-05,1.50E-05,1.50E-05,1.50E-05,1.50E-05,1.50E-05,1.50E-05,1.50E-05,1.50E-05,1.50E-05,1.50E-05,1.50E-05,1.50E-05,1.50E-05,1.50E-05,1.50E-05,1.50E-05,1.50E-05,1.50E-05,1.50E-05,1.50E-05,1.50E-05,1.50E-05,1.50E-05,1.50E-05,1.50E-05,1.50E-05,1.50E-05,1.50E-05,1.50E-05,1.50E-05,1.50E-05,1.50E-05,1.50E-05,1.50E-05
2025,0.057763742,0.012906435,0.005552071,0.061399274,0.04577125,0.044392307,0.07955536,0.089897435,0.035888823,0.005092423,0.092195674,0.030832698,0.017043265,0.057722092,0.024397629,0.083922014,0.006471366,0.080015008,0.054504557,0.045541426,0.093574617,0.008539781,0.055423853,0.011297668,0.031062521,0.037267766,0.09196585,0.028534459,0.011067844,0.044162483,0.057722092,0.01083802,0.094264089,0.070132581,0.036808118,0.018192384,0.081853599,0.075878178,0.097941271,0.045311602,0.031981817,0.093574617,0.046001074,0.012446787,0.048069489,0.051976495,0.073350115,0.007160838,0.06530628,0.061858921,0.052665966,0.038416886,0.026006396,0.001645065,0.028994107,0.074039587,0.04577125,0.094723736,0.037037942,0.027844987,0.085760605,0.052436142,0.042553715,0.058411563,0.053815086,0.001415241,0.098860566,0.069902757,0.04577125,0.041404596,0.057951915,0.00785031,0.097481623,0.091046554,0.089437787,0.074729059,0.081853599,0.050367727,0.005322247,0.027385339,0.020260799,0.084381662,0.057722092,0.097941271,0.093804441,0.088518492,0.083922014,0.025087101,0.04577125,0.050827375,0.07243082,0.024627453,0.070592229,0.008539781,0.025776572,0.005552071,0.064846632,0.042094068,0.024627453,0.015894145,0.063927336,0.094034265,0.053355438,0.030143226,0.011527492,0.03864671,0.042094068,0.01083802,0.08070448,0.094034265,0.03450988,0.018881856,0.009688901,0.087599196,0.02209939,0.072200996,0.085300957,0.067374695,0.055423853,0.058181739,0.062318569,0.047150193,0.002794184,0.054964205,0.010378372,0.044851954,0.039795829,0.057262444,0.040025653,0.002104713,0.091046554,0.015434498,0.053355438,0.000725769,0.003024008,0.051287023,0.039336181,0.028994107,0.046460721,0.001185417,0.065076456,0.004173128,0.021639742,0.013366083,0.085760605,0.069443109,0.085071133,0.033820408,0.052206318,0.100928981,0.013136259,0.094723736,0.008309957,0.012216963,0.083002718,0.012906435,0.024857277,0.029913402,0.004402951,0.07541853,0.006011719,0.02324851,0.086909724,0.008769605
2030,0.197621355,0.15490906,0.130692217,0.119929176,0.132998583,0.133767372,0.161251567,0.102247037,0.169900439,0.109166135,0.170477031,0.114163261,0.14068647,0.193540691,0.117046218,0.190081142,0.113778867,0.148182159,0.138572301,0.117430613,0.100132868,0.129346837,0.185084015,0.152987088,0.137611315,0.120697965,0.166056496,0.154332469,0.158945201,0.10878174,0.184315227,0.116661824,0.206802295,0.16240475,0.173744382,0.14203185,0.103976811,0.127424865,0.137419118,0.191810916,0.120890162,0.177588326,0.152026103,0.130692217,0.189120156,0.192387508,0.13453616,0.167401876,0.191426522,0.109358332,0.11896819,0.178741509,0.113202275,0.132614189,0.122619936,0.137803512,0.111280303,0.113202275,0.158176412,0.180279086,0.174513171,0.110319318,0.115124247,0.14337723,0.123580922,0.1318454,0.135112752,0.130692217,0.188927959,0.110703712,0.150104131,0.115316444,0.149143145,0.189888944,0.152794891,0.214297984,0.149719737,0.197576831,0.116469627,0.138572301,0.101286051,0.164326721,0.123773119,0.149911934,0.195270465,0.159329595,0.230826941,0.192003113,0.245626123,0.225061026,0.280221612,0.341532509,0.332499242,0.237361644,0.33192265,0.245626123,0.398615067,0.361136619,0.228328378,0.213144801,0.236208461,0.263692656,0.32039082,0.189696747,0.503170325,0.327117721,0.387852026,0.218718519,0.448970724,0.287525105,0.446472161,0.427636839,0.34960479,0.32923189,0.248124686,0.608494372,0.458964977,0.331730453,0.257542347,0.520083676,0.308474596,0.462424526,0.621755977,0.54084097,0.55506356,0.625023329,0.34345448,0.583700938,0.562174855,0.591196627,0.59715474,0.273686909,0.305015047,0.288486091,0.273302515,0.226406406,0.317892257,0.2471637,0.237938236,0.202958352,0.240821193,0.332307045,0.426675853,0.202573957,0.311357553,0.415720615,0.397654081,0.28041381,0.453006865,0.3692089,0.23832263,0.391503772,0.275801078,0.534690661,0.390158392,0.359983436,0.347875015,0.54084097,0.541225364,0.233709898,0.646549411,0.565057813,0.564289024,0.63713175
2035,0.220639806,0.176242946,0.20238176,0.159137398,0.201228577,0.215835562,0.185852804,0.135689343,0.192579705,0.191234325,0.177011734,0.18546841,0.147605568,0.271380543,0.31020437,0.351911155,0.218334125,0.256773558,0.305591638,0.138187907,0.332499242,0.191618719,0.251007643,0.335574396,0.411492277,0.314048314,0.2946364,0.200651986,0.403419996,0.174897565,0.292137837,0.21660435,0.481452046,0.431288585,0.342877889,0.193732888,0.399576053,0.631558032,0.294059808,0.300978906,0.536612632,0.413029854,0.672303832,0.586199501,0.699403632,0.689409379,0.758984754,0.726503432,0.648279186,0.203342746,0.14472261,0.273686909,0.167017482,0.136458132,0.161828158,0.223907843,0.345953043,0.306552624,0.250046657,0.203534943,0.273686909,0.205072521,0.182969846,0.220256097,0.430519796,0.406302954,0.192964099,0.196615845,0.276185472,0.387659828,0.290023668,0.285410936,0.227751786,0.296366174,0.22410004,0.427444642,0.682105887,0.303093075,0.536612632,0.646165017,0.780318639,0.666153522,0.607725584,0.778396667,0.669613071,0.734191319,0.673649212,0.235055278,0.31904544,0.326156735,0.447817541,0.440129655,0.335382199,0.394578926,0.350373578,0.444165795,0.534690661,0.428597825,0.28714071,0.358638056,0.459157174,0.425907064,0.344223269,0.480106665,0.517200718,0.479337877,0.528348154,0.387659828,0.47434075,0.536228238,0.459349371,0.510473818,0.486064778,0.39227256,0.421870924,0.625407723,0.595040571,0.380932928,0.413798643,0.571400319,0.765135063,0.624446737,0.675763381,0.629636061,0.677877549,0.711319856,0.760137937,0.761483317,0.77954985,0.73822746,0.761098922,0.32039082,0.312126342,0.358061465,0.386506645,0.298288146,0.336535382,0.402266813,0.369785492,0.381317322,0.320583017,0.337111974,0.480106665,0.386506645,0.404765376,0.432249571,0.531615506,0.472226582,0.497020016,0.409570305,0.410531291,0.518161704,0.695751886,0.617912034,0.434940331,0.604458232,0.659426621,0.571592516,0.61137733,0.763597486,0.727080024,0.777820076,0.71650918,0.670958451
2040,0.390233812,0.343646677,0.234478687,0.319429834,0.256965755,0.34960479,0.35767707,0.332691439,0.269074177,0.296558372,0.202573957,0.440321852,0.244088545,0.276954261,0.389389603,0.408801517,0.475109539,0.273110317,0.350373578,0.312126342,0.417450389,0.249662263,0.343838875,0.35364093,0.448394133,0.475686131,0.445511175,0.573514488,0.56121387,0.72938639,0.324619158,0.658273438,0.488755538,0.578703812,0.640975693,0.817028298,0.457043005,0.636170764,0.82433179,0.797616384,0.602728457,0.845857873,0.769363401,0.816836101,0.731884953,0.72938639,0.772054161,0.780126442,0.806265256,0.290215865,0.165287707,0.298864738,0.408224925,0.242358771,0.290023668,0.315393694,0.379779745,0.323465975,0.36517276,0.567556376,0.295597386,0.45608202,0.261001896,0.543916125,0.466460667,0.558523109,0.438207683,0.696712872,0.707091519,0.728809798,0.520852465,0.703247575,0.756101796,0.686910816,0.798000778,0.747068529,0.685565436,0.856620914,0.781471822,0.822794213,0.802997905,0.780703033,0.823947396,0.83317286,0.805112073,0.864500998,0.864885392,0.255812572,0.334997805,0.563328038,0.461271343,0.495674636,0.461847935,0.482797426,0.513933367,0.563328038,0.553525983,0.516239733,0.566403193,0.5049001,0.710743265,0.489139932,0.680952704,0.576397446,0.55640894,0.630020455,0.555255757,0.63847713,0.594079585,0.663654959,0.711704251,0.559099701,0.708436899,0.81414534,0.784546977,0.629059469,0.750528078,0.791850469,0.840284155,0.688832788,0.796847595,0.823947396,0.753026641,0.820680044,0.831250888,0.832788465,0.790505089,0.809148214,0.820103452,0.8575819,0.838938775,0.382470505,0.326348932,0.545261505,0.477031511,0.36517276,0.534690661,0.520852465,0.419180164,0.526426182,0.638861525,0.460502554,0.546222491,0.646933806,0.577166234,0.646165017,0.667306705,0.768594612,0.717470166,0.684988845,0.845281281,0.543723927,0.792619258,0.670189663,0.833365057,0.81145458,0.820680044,0.727080024,0.790505089,0.816259509,0.771861964,0.82298641,0.864693195,0.733614728
2045,0.591854863,0.396671394,0.307082476,0.435155318,0.279564402,0.421706635,0.330669397,0.514399095,0.545020712,0.423154954,0.615781474,0.431431067,0.48605341,0.486260313,0.344945691,0.552883019,0.458535336,0.449017806,0.603367305,0.461225072,0.529503001,0.763303181,0.716750048,0.62798874,0.709922255,0.749440692,0.564262674,0.687369848,0.673714262,0.725853771,0.894272662,0.725646869,0.692956224,0.748406178,0.847512626,0.808614897,0.910204179,0.744475025,0.856409447,0.915169846,0.923032153,0.919928611,0.812132245,0.858685378,0.730819439,0.865720074,0.881237785,0.821235969,0.86985813,0.253080841,0.352601095,0.347635427,0.386326254,0.630264671,0.578332065,0.564883382,0.372256862,0.519364763,0.514812901,0.582056316,0.626954226,0.709508449,0.866961491,0.724405452,0.711577477,0.646816896,0.746750956,0.744681927,0.725853771,0.735371301,0.908548956,0.878961854,0.866961491,0.734750592,0.846478112,0.781096823,0.748819984,0.91103179,0.832408721,0.870065033,0.813580565,0.825580928,0.850616168,0.872134061,0.833236332,0.880203271,0.914756041,0.250598008,0.397912811,0.545020712,0.454604182,0.558676298,0.580607996,0.452328251,0.503226343,0.567366216,0.614540057,0.531572029,0.664196733,0.786683199,0.729784925,0.548951865,0.663369122,0.819373843,0.59633261,0.624885198,0.704335879,0.893031245,0.573987106,0.640816715,0.776338058,0.904617803,0.841512444,0.853512808,0.894065759,0.759165124,0.80075259,0.908962762,0.92282525,0.901514261,0.842546959,0.824753317,0.817097912,0.898410718,0.846685015,0.856409447,0.884755133,0.918480291,0.903376386,0.896548593,0.89116912,0.38094678,0.620333336,0.549158768,0.53529628,0.602539694,0.679921347,0.564262674,0.680955861,0.6985426,0.762061764,0.825167122,0.569642147,0.726267577,0.774062127,0.752337332,0.644747868,0.812752953,0.737854135,0.77137239,0.852064488,0.848133334,0.878341145,0.804269938,0.874823798,0.89261744,0.900893552,0.89116912,0.848960946,0.81689101,0.798269756,0.898824524,0.859306086,0.884341327
2050,0.76633579,0.187124474,0.310204957,0.249420738,0.477437162,0.44931312,0.394879491,0.402742126,0.443869757,0.708477676,0.526125019,0.61473087,0.692147587,0.690333133,0.765935395,0.395484309,0.575115285,0.975504867,0.655253683,0.979738594,0.768052259,0.997278319,0.744464353,0.78045103,0.703336722,0.873593017,0.91078933,0.944659144,0.666442818,0.866940018,0.905043558,0.908672467,0.811901571,0.970363913,0.93619169,0.85998461,0.978831367,0.890527924,0.851517156,0.97762173,0.993347001,0.944356735,0.839723204,0.872383381,0.96492055,0.90443874,0.973690413,0.957360324,0.931655555,1,1,1,1,1,1,1,1,1,1,1,1,1,1,1,1,1,1,1,1,1,1,1,1,1,1,1,1,1,1,1,1,1,1,1,1,1,1,0.31564832,0.29327005,0.39215781,0.20436179,0.405161399,0.438123985,0.644366957,0.426027623,0.545479198,0.527637064,0.724202946,0.703639131,0.766540213,0.621686279,0.852424384,0.652834411,0.772890804,0.7995028,0.659185001,0.638318776,0.993951819,0.982157866,0.948288052,0.739625808,0.967037414,0.779241394,0.812506389,0.883874925,0.839723204,0.746883625,0.955848279,0.963106096,0.984577138,0.892644787,0.990625319,0.802829299,0.905345967,0.931353146,0.834884659,0.977016912,0.962501278,0.975504867,0.883572516,0.988206047,1,1,1,1,1,1,1,1,1,1,1,1,1,1,1,1,1,1,1,1,1,1,1,1,1,1,1,1,1,1,1,1,1
2055,0.81869891,0.62082093,0.87657909,0.163271929,0.646162106,0.298424865,0.651793478,0.290916368,0.511947732,0.593602631,0.769583016,0.546674528,0.662117661,0.600641846,0.819796086,0.327520289,0.970435295,0.998592157,0.793047067,0.989206536,0.663525504,0.998592157,0.761605238,0.956826146,0.652262759,0.962457518,0.897227455,0.920222225,0.717023541,0.929138565,0.949317649,0.999061438,0.804779093,0.97700523,0.91787582,0.887841835,0.983575164,0.895350331,0.820265367,0.965742485,0.998592157,0.982636602,0.842321575,0.832466673,0.953541178,0.9084902,0.964803923,0.999061438,0.960580394,1.024402613,1.017832679,1.039888887,1.000469281,1.0915098,1.020648365,1.01830196,1.075554245,1.07320784,1.083532023,1.049274508,1.10981176,1.068984311,1.039419606,1.057252285,1.082593461,1.050682351,1.116381695,1.013139869,1.07320784,1.085878428,1.109342479,1.093856205,1.020179084,1.088224833,1.095733329,1.078839213,1.10981176,1.112158165,1.090571238,1.064291501,1.032380391,1.030033986,1.056783004,1.045050979,1.08212418,1.10511895,1.049743789,0.77146014,0.498807863,0.266513755,0.310626172,0.329397413,0.92679216,0.967150328,0.821203929,0.984513726,0.359431398,0.603926813,0.930546408,0.904266671,0.583747729,0.823550334,0.560283678,0.682766026,0.724062756,0.846545104,0.663056223,0.99108366,0.998122876,0.976535949,0.784600009,0.978413073,0.9727817,0.7625438,0.951664054,0.813695432,0.834813079,0.983575164,0.985452288,0.990145098,0.918814382,0.992960785,0.843260137,0.957295427,0.921160787,0.910367324,0.967150328,0.962457518,0.993899347,0.998122876,0.988267974,1.030033986,1.016424836,1.032380391,1.040358168,1.061006533,1.007039215,1.024871894,1.080247056,1.064760782,1.000469281,1.094325486,1.035665358,1.030503267,1.077431369,1.048335946,1.003284967,1.01360915,1.094325486,1.103711107,1.042704573,1.07790065,1.046928103,1.000469281,1.034257515,1.002346405,1.101364702,1.053028756,1.032849672,1.046928103,1.032380391,1.012201307,1.003284967,1.010793464
2060,1,1,1,1,1,1,1,1,1,1,1,1,1,1,1,1,1,1,1,1,1,1,1,1,1,1,1,1,1,1,1,1,1,1,1,1,1,1,1,1,1,1,1,1,1,1,1,1,1,1.204503439,1.291262473,1.193658559,1.357106384,1.244784419,1.340839065,1.317600037,1.168870264,1.38576785,1.169644898,1.136335626,1.235488808,1.292811742,1.185137583,1.237038077,1.247882956,1.378021508,1.386542485,1.34006443,1.340839065,1.179715143,1.34006443,1.29436101,1.088308303,1.317600037,1.209151244,1.250206859,1.244009785,1.222320026,1.308304427,1.109998062,1.298234181,1.226967832,1.249432225,1.189785388,1.261826372,1.205278073,1.283516131,1,1,1,1,1,1,1,1,1,1,1,1,1,1,1,1,1,1,1,1,1,1,1,1,1,1,1,1,1,1,1,1,1,1,1,1,1,1,1,1,1,1,1,1,1.072815618,1.322247843,1.1425327,1.160349287,1.236263442,1.136335626,1.256403933,1.178940509,1.129363918,1.121617575,1.241685882,1.245559053,1.064294642,1.199080999,1.189010754,1.230066369,1.090632206,1.23393954,1.316825403,1.352458578,1.305980524,1.148729774,1.041055615,1.20295417,1.383443948,1.207601976,1.218446855,1.286614668,1.31992394,1.084435132,1.139434163,1.187461486,1.270347349
